{
    "iterations": 28,
    "width": 800,
    "height": 600,
    "fract": [
        {
            "weights": [
                0.27832608367822903,
                0.721673916321771,
                0.27832608367822903,
                0.4155051809781361
            ],
            "matrixes": [
                [
                    [
                        -0.2047446093405205,
                        0.3254614344219503,
                        -0.8320741089864249
                    ],
                    [
                        0.2661730991512328,
                        0.3232010957536354,
                        0.8458757210274881
                    ],
                    [
                        0,
                        0,
                        1.0
                    ]
                ],
                [
                    [
                        0.21823957754426032,
                        0.19509517779545588,
                        -0.19987216591210039
                    ],
                    [
                        0.3168363762060062,
                        -0.03867182616585932,
                        1.4435594992993734
                    ],
                    [
                        0,
                        0,
                        1.0
                    ]
                ],
                [
                    [
                        -0.2047446093405205,
                        0.3254614344219503,
                        -0.8320741089864249
                    ],
                    [
                        0.2661730991512328,
                        0.3232010957536354,
                        0.8458757210274881
                    ],
                    [
                        0,
                        0,
                        1.0
                    ]
                ],
                [
                    [
                        -0.15363259596050724,
                        0.20280677125985466,
                        0.22803328882690788
                    ],
                    [
                        0.2196716968589271,
                        -0.18327474740624983,
                        0.34655828075705997
                    ],
                    [
                        0,
                        0,
                        1.0
                    ]
                ]
            ]
        },
        {
            "weights": [
                0.2394638561571964,
                0.8740088533198549,
                0.8918085433458027,
                0.10819145665419727
            ],
            "matrixes": [
                [
                    [
                        0.17678,
                        0.17678,
                        -0.17678
                    ],
                    [
                        0.17678,
                        0.5,
                        0.15
                    ],
                    [
                        0,
                        0,
                        1.0
                    ]
                ],
                [
                    [
                        0.1414218037657416,
                        0.0024543858410979724,
                        -0.18802141662585048
                    ],
                    [
                        0.18913242015187423,
                        -0.05203171993611867,
                        1.6216522373841626
                    ],
                    [
                        0,
                        0,
                        1.0
                    ]
                ],
                [
                    [
                        0.045912713380304435,
                        -0.9585320881915839,
                        0.6703754504917342
                    ],
                    [
                        -0.025736512074860357,
                        0.3065870353102972,
                        0.37672660431492466
                    ],
                    [
                        0,
                        0,
                        1.0
                    ]
                ],
                [
                    [
                        0.1371539536166602,
                        0.26627944396223413,
                        -0.0892552697603188
                    ],
                    [
                        0.1441920701339408,
                        0.561857005115446,
                        0.06855249497732809
                    ],
                    [
                        0,
                        0,
                        1.0
                    ]
                ]
            ]
        },
        {
            "weights": [
                0.3494835249201414,
                0.6505164750798585
            ],
            "matrixes": [
                [
                    [
                        0.1371539536166602,
                        0.26627944396223413,
                        -0.0892552697603188
                    ],
                    [
                        0.1441920701339408,
                        0.561857005115446,
                        0.06855249497732809
                    ],
                    [
                        0,
                        0,
                        1.0
                    ]
                ],
                [
                    [
                        0.4060169706208104,
                        -0.3335813420408389,
                        0.20951271321289966
                    ],
                    [
                        0.4871912542224222,
                        -0.16635948162187106,
                        -0.1707938782289418
                    ],
                    [
                        0,
                        0,
                        1.0
                    ]
                ]
            ]
        },
        {
            "weights": [
                0.6022964101858853,
                0.39770358981411463,
                0.6022964101858853,
                0.5065179769037526
            ],